{
  "project_info": {
    "project_number": "601540961346",
    "firebase_url": "https://cidadao-alerta-7bee4.firebaseio.com",
    "project_id": "cidadao-alerta-7bee4",
    "storage_bucket": "cidadao-alerta-7bee4.appspot.com"
  },
  "client": [
    {
      "client_info": {
        "mobilesdk_app_id": "1:601540961346:android:4d7dca31df335f5d",
        "android_client_info": {
          "package_name": "com.android.mapsfutebolclube.cidadoalerta"
        }
      },
      "oauth_client": [
        {
          "client_id": "601540961346-3ph6tsg879u29022oqct4qeagunakqs5.apps.googleusercontent.com",
          "client_type": 1,
          "android_info": {
            "package_name": "com.android.mapsfutebolclube.cidadoalerta",
            "certificate_hash": "1c23948f55a96596be90c088827353809af7ae98"
          }
        },
        {
          "client_id": "601540961346-g67knecafduaj0lk89bu4f4o9jtfjmn7.apps.googleusercontent.com",
          "client_type": 3
        }
      ],
      "api_key": [
        {
          "current_key": "AIzaSyAMFb4T5HHLRqwcZMA3e2w0nT0wqHRObwM"
        },
        {
          "current_key": "AIzaSyAMFb4T5HHLRqwcZMA3e2w0nT0wqHRObwM"
        },
        {
          "current_key": "AIzaSyAMFb4T5HHLRqwcZMA3e2w0nT0wqHRObwM"
        }
      ],
      "services": {
        "analytics_service": {
          "status": 1
        },
        "appinvite_service": {
          "status": 2,
          "other_platform_oauth_client": [
            {
              "client_id": "601540961346-g67knecafduaj0lk89bu4f4o9jtfjmn7.apps.googleusercontent.com",
              "client_type": 3
            }
          ]
        },
        "ads_service": {
          "status": 2
        }
      }
    }
  ],
  "configuration_version": "1"
}